{
    "attributes": {
        "description": "i18n:entities.cloud.soaring.user.description",
        "fromService": "cloud.soaring",
        "pluralName": "i18n:entities.cloud.soaring.user.pluralName",
        "singularName": "i18n:entities.cloud.soaring.user.singularName"
    },
    "id": "cloud.soaring.user",
    "properties": [
        {
            "attributes": {
                "sortable": false
            },
            "id": "id",
            "name": "i18n:entities.cloud.soaring.user.properties.id.name",
            "type": "KEY"
        },
        {
            "attributes": {
                "sortable": false
            },
            "id": "name",
            "name": "i18n:entities.cloud.soaring.user.properties.name.name",
            "type": "TEXT"
        },
        {
            "attributes": {
                "sortable": false
            },
            "id": "numberOfVotes",
            "name": "i18n:entities.cloud.soaring.user.properties.numberOfVotes.name",
            "type": "TEXT"
        },
        {
            "attributes": {
                "sortable": false
            },
            "id": "registrationDate",
            "name": "i18n:entities.cloud.soaring.user.properties.registrationDate.name",
            "type": "TEXT"
        }
    ],
    "standalone": true
}