{
    "displayName": "i18n:pages.cloud_soaring_userPage.displayName",
    "id": "cloud_soaring_userPage",
    "isModalPage": true,
    "type": "details",
    "view": {
        "archetypeId": "cloud_soaring_userEntityDetailArchetype",
        "binding": {
            "__silentBindings": {
                "translatableRoot": "no-i18n-keys"
            },
            "observableName": "Observables.cloud_soaring_userEntityDetailArchetype"
        },
        "children": [
            {
                "binding": {},
                "children": [
                    {
                        "binding": {},
                        "displayName": "page-progress-bar",
                        "id": "page-progress-bar-51203",
                        "properties": {
                            "__silentProperties": {
                                "translatableRoot": "pages.cloud_soaring_userPage.page-progress-bar-51203"
                            },
                            "customizable": false,
                            "designerIsDraggable": true,
                            "designerIsHorizontallyResizable": true,
                            "designerIsWrappable": false,
                            "visible": "Observables.cloud_soaring_userEntityDetailArchetype.loadingInProgress()"
                        },
                        "type": "page-progress-bar"
                    },
                    {
                        "binding": {},
                        "displayName": "Title",
                        "id": "title-98365",
                        "properties": {
                            "__silentProperties": {
                                "translatableKeys": [
                                    "value"
                                ],
                                "translatableRoot": "pages.cloud_soaring_userPage.title-98365"
                            },
                            "appendDataValue": false,
                            "bindEntityId": "",
                            "bindPropertyId": "",
                            "bottomBorder": false,
                            "customizable": false,
                            "designerIsDraggable": true,
                            "designerIsHorizontallyResizable": true,
                            "designerIsWrappable": false,
                            "designerMinWidth": 12,
                            "level": 1,
                            "value": "i18n:pages.cloud_soaring_userPage.title-98365.value"
                        },
                        "type": "title"
                    },
                    {
                        "binding": {},
                        "children": [
                            {
                                "binding": {},
                                "displayName": "Button",
                                "id": "button-51251",
                                "properties": {
                                    "__silentProperties": {
                                        "translatableKeys": [
                                            "buttonTitle",
                                            "displayName"
                                        ],
                                        "translatableRoot": "pages.cloud_soaring_userPage.button-51251"
                                    },
                                    "buttonChroming": "regular",
                                    "buttonIconic": "text",
                                    "buttonTitle": "i18n:EMPTY_STRING",
                                    "designerIsDraggable": true,
                                    "designerIsHorizontallyResizable": true,
                                    "designerIsWrappable": true,
                                    "designerMinWidth": 1,
                                    "designerRerenderParent": true,
                                    "displayName": "i18n:pages.cloud_soaring_userPage.button-51251.displayName",
                                    "events": {
                                        "click": "Done_button_51251click"
                                    }
                                },
                                "type": "button"
                            }
                        ],
                        "displayName": "Button Toolbar",
                        "id": "button-toolbar-27515",
                        "properties": {
                            "__silentProperties": {
                                "translatableRoot": "no-i18n-keys"
                            },
                            "designerIsDraggable": true,
                            "designerIsDroppable": true,
                            "designerIsHorizontallyResizable": true,
                            "designerIsWrappable": false
                        },
                        "type": "button-toolbar"
                    }
                ],
                "displayName": "Page Header",
                "id": "page-header-85328",
                "properties": {
                    "__silentProperties": {
                        "translatableRoot": "pages.cloud_soaring_userPage.page-header-85328"
                    },
                    "designerIsDraggable": true,
                    "designerIsHorizontallyResizable": true,
                    "designerIsWrappable": true
                },
                "type": "page-header"
            },
            {
                "binding": {},
                "children": [
                    {
                        "binding": {},
                        "displayName": "pairLabel",
                        "id": "pairLabel-62373",
                        "properties": {
                            "__silentProperties": {
                                "translatableRoot": "no-i18n-keys"
                            },
                            "designerIsHorizontallyResizable": true,
                            "designerIsWrappable": false
                        },
                        "type": "pairLabel"
                    },
                    {
                        "binding": {},
                        "displayName": "inputFieldText",
                        "id": "inputFieldText-74581",
                        "properties": {
                            "__silentProperties": {
                                "translatableRoot": "no-i18n-keys"
                            },
                            "designerIsHorizontallyResizable": true,
                            "designerIsWrappable": false
                        },
                        "type": "inputFieldText"
                    }
                ],
                "displayName": "Text Field",
                "id": "pair-text-18846",
                "properties": {
                    "__silentProperties": {
                        "translatableKeys": [
                            "label",
                            "placeholderText",
                            "helpDefinition",
                            "title"
                        ],
                        "translatableRoot": "pages.cloud_soaring_userPage.pair-text-18846"
                    },
                    "bindEntityId": "cloud.soaring.user",
                    "bindPropertyId": "id",
                    "designerIsDraggable": true,
                    "designerIsHorizontallyResizable": true,
                    "designerIsWrappable": true,
                    "designerLayout": [
                        [
                            {
                                "id": "pairLabel-62373",
                                "type": "pairLabel"
                            },
                            {
                                "id": "pairLabel-62373",
                                "type": "pairLabel"
                            },
                            {
                                "id": "pairLabel-62373",
                                "type": "pairLabel"
                            },
                            {
                                "id": "pairLabel-62373",
                                "type": "pairLabel"
                            },
                            {
                                "id": "inputFieldText-74581",
                                "type": "inputFieldText"
                            },
                            {
                                "id": "inputFieldText-74581",
                                "type": "inputFieldText"
                            },
                            {
                                "id": "inputFieldText-74581",
                                "type": "inputFieldText"
                            },
                            {
                                "id": "inputFieldText-74581",
                                "type": "inputFieldText"
                            },
                            {
                                "id": "inputFieldText-74581",
                                "type": "inputFieldText"
                            },
                            {
                                "id": "inputFieldText-74581",
                                "type": "inputFieldText"
                            },
                            {
                                "id": "inputFieldText-74581",
                                "type": "inputFieldText"
                            },
                            {
                                "id": "inputFieldText-74581",
                                "type": "inputFieldText"
                            }
                        ]
                    ],
                    "designerMinWidth": 3,
                    "disabled": false,
                    "helpDefinition": "i18n:EMPTY_STRING",
                    "helpSource": "",
                    "initialValue": "",
                    "inputType": "ojInputText",
                    "invalidComponentTracker": "__statusTracker",
                    "label": "i18n:pages.cloud_soaring_userPage.pair-text-18846.label",
                    "labelAlignment": "right",
                    "labelPosition": "left",
                    "labelVisible": true,
                    "labelWidth": 150,
                    "placeholderText": "i18n:EMPTY_STRING",
                    "readOnly": true,
                    "required": true,
                    "textAlignment": "left",
                    "title": "i18n:EMPTY_STRING"
                },
                "type": "pair"
            },
            {
                "binding": {},
                "children": [
                    {
                        "binding": {},
                        "displayName": "pairLabel",
                        "id": "pairLabel-86304",
                        "properties": {
                            "__silentProperties": {
                                "translatableRoot": "no-i18n-keys"
                            },
                            "designerIsHorizontallyResizable": true,
                            "designerIsWrappable": false
                        },
                        "type": "pairLabel"
                    },
                    {
                        "binding": {},
                        "displayName": "inputFieldText",
                        "id": "inputFieldText-7372",
                        "properties": {
                            "__silentProperties": {
                                "translatableRoot": "no-i18n-keys"
                            },
                            "designerIsHorizontallyResizable": true,
                            "designerIsWrappable": false
                        },
                        "type": "inputFieldText"
                    }
                ],
                "displayName": "Text Field",
                "id": "pair-text-20551",
                "properties": {
                    "__silentProperties": {
                        "translatableKeys": [
                            "label",
                            "placeholderText",
                            "helpDefinition",
                            "title"
                        ],
                        "translatableRoot": "pages.cloud_soaring_userPage.pair-text-20551"
                    },
                    "bindEntityId": "cloud.soaring.user",
                    "bindPropertyId": "name",
                    "designerIsDraggable": true,
                    "designerIsHorizontallyResizable": true,
                    "designerIsWrappable": true,
                    "designerLayout": [
                        [
                            {
                                "id": "pairLabel-86304",
                                "type": "pairLabel"
                            },
                            {
                                "id": "pairLabel-86304",
                                "type": "pairLabel"
                            },
                            {
                                "id": "pairLabel-86304",
                                "type": "pairLabel"
                            },
                            {
                                "id": "pairLabel-86304",
                                "type": "pairLabel"
                            },
                            {
                                "id": "inputFieldText-7372",
                                "type": "inputFieldText"
                            },
                            {
                                "id": "inputFieldText-7372",
                                "type": "inputFieldText"
                            },
                            {
                                "id": "inputFieldText-7372",
                                "type": "inputFieldText"
                            },
                            {
                                "id": "inputFieldText-7372",
                                "type": "inputFieldText"
                            },
                            {
                                "id": "inputFieldText-7372",
                                "type": "inputFieldText"
                            },
                            {
                                "id": "inputFieldText-7372",
                                "type": "inputFieldText"
                            },
                            {
                                "id": "inputFieldText-7372",
                                "type": "inputFieldText"
                            },
                            {
                                "id": "inputFieldText-7372",
                                "type": "inputFieldText"
                            }
                        ]
                    ],
                    "designerMinWidth": 3,
                    "disabled": false,
                    "helpDefinition": "i18n:EMPTY_STRING",
                    "helpSource": "",
                    "initialValue": "",
                    "inputType": "ojInputText",
                    "invalidComponentTracker": "__statusTracker",
                    "label": "i18n:pages.cloud_soaring_userPage.pair-text-20551.label",
                    "labelAlignment": "right",
                    "labelPosition": "left",
                    "labelVisible": true,
                    "labelWidth": 150,
                    "placeholderText": "i18n:EMPTY_STRING",
                    "readOnly": true,
                    "required": false,
                    "textAlignment": "left",
                    "title": "i18n:EMPTY_STRING"
                },
                "type": "pair"
            },
            {
                "binding": {},
                "children": [
                    {
                        "binding": {},
                        "displayName": "pairLabel",
                        "id": "pairLabel-51445",
                        "properties": {
                            "__silentProperties": {
                                "translatableRoot": "no-i18n-keys"
                            },
                            "designerIsHorizontallyResizable": true,
                            "designerIsWrappable": false
                        },
                        "type": "pairLabel"
                    },
                    {
                        "binding": {},
                        "displayName": "inputFieldText",
                        "id": "inputFieldText-87055",
                        "properties": {
                            "__silentProperties": {
                                "translatableRoot": "no-i18n-keys"
                            },
                            "designerIsHorizontallyResizable": true,
                            "designerIsWrappable": false
                        },
                        "type": "inputFieldText"
                    }
                ],
                "displayName": "Text Field",
                "id": "pair-text-71013",
                "properties": {
                    "__silentProperties": {
                        "translatableKeys": [
                            "label",
                            "placeholderText",
                            "helpDefinition",
                            "title"
                        ],
                        "translatableRoot": "pages.cloud_soaring_userPage.pair-text-71013"
                    },
                    "bindEntityId": "cloud.soaring.user",
                    "bindPropertyId": "numberOfVotes",
                    "designerIsDraggable": true,
                    "designerIsHorizontallyResizable": true,
                    "designerIsWrappable": true,
                    "designerLayout": [
                        [
                            {
                                "id": "pairLabel-51445",
                                "type": "pairLabel"
                            },
                            {
                                "id": "pairLabel-51445",
                                "type": "pairLabel"
                            },
                            {
                                "id": "pairLabel-51445",
                                "type": "pairLabel"
                            },
                            {
                                "id": "pairLabel-51445",
                                "type": "pairLabel"
                            },
                            {
                                "id": "inputFieldText-87055",
                                "type": "inputFieldText"
                            },
                            {
                                "id": "inputFieldText-87055",
                                "type": "inputFieldText"
                            },
                            {
                                "id": "inputFieldText-87055",
                                "type": "inputFieldText"
                            },
                            {
                                "id": "inputFieldText-87055",
                                "type": "inputFieldText"
                            },
                            {
                                "id": "inputFieldText-87055",
                                "type": "inputFieldText"
                            },
                            {
                                "id": "inputFieldText-87055",
                                "type": "inputFieldText"
                            },
                            {
                                "id": "inputFieldText-87055",
                                "type": "inputFieldText"
                            },
                            {
                                "id": "inputFieldText-87055",
                                "type": "inputFieldText"
                            }
                        ]
                    ],
                    "designerMinWidth": 3,
                    "disabled": false,
                    "helpDefinition": "i18n:EMPTY_STRING",
                    "helpSource": "",
                    "initialValue": "",
                    "inputType": "ojInputText",
                    "invalidComponentTracker": "__statusTracker",
                    "label": "i18n:pages.cloud_soaring_userPage.pair-text-71013.label",
                    "labelAlignment": "right",
                    "labelPosition": "left",
                    "labelVisible": true,
                    "labelWidth": 150,
                    "placeholderText": "i18n:EMPTY_STRING",
                    "readOnly": true,
                    "required": false,
                    "textAlignment": "left",
                    "title": "i18n:EMPTY_STRING"
                },
                "type": "pair"
            },
            {
                "binding": {},
                "children": [
                    {
                        "binding": {},
                        "displayName": "pairLabel",
                        "id": "pairLabel-11738",
                        "properties": {
                            "__silentProperties": {
                                "translatableRoot": "no-i18n-keys"
                            },
                            "designerIsHorizontallyResizable": true,
                            "designerIsWrappable": false
                        },
                        "type": "pairLabel"
                    },
                    {
                        "binding": {},
                        "displayName": "inputFieldText",
                        "id": "inputFieldText-25627",
                        "properties": {
                            "__silentProperties": {
                                "translatableRoot": "no-i18n-keys"
                            },
                            "designerIsHorizontallyResizable": true,
                            "designerIsWrappable": false
                        },
                        "type": "inputFieldText"
                    }
                ],
                "displayName": "Text Field",
                "id": "pair-text-89997",
                "properties": {
                    "__silentProperties": {
                        "translatableKeys": [
                            "label",
                            "placeholderText",
                            "helpDefinition",
                            "title"
                        ],
                        "translatableRoot": "pages.cloud_soaring_userPage.pair-text-89997"
                    },
                    "bindEntityId": "cloud.soaring.user",
                    "bindPropertyId": "registrationDate",
                    "designerIsDraggable": true,
                    "designerIsHorizontallyResizable": true,
                    "designerIsWrappable": true,
                    "designerLayout": [
                        [
                            {
                                "id": "pairLabel-11738",
                                "type": "pairLabel"
                            },
                            {
                                "id": "pairLabel-11738",
                                "type": "pairLabel"
                            },
                            {
                                "id": "pairLabel-11738",
                                "type": "pairLabel"
                            },
                            {
                                "id": "pairLabel-11738",
                                "type": "pairLabel"
                            },
                            {
                                "id": "inputFieldText-25627",
                                "type": "inputFieldText"
                            },
                            {
                                "id": "inputFieldText-25627",
                                "type": "inputFieldText"
                            },
                            {
                                "id": "inputFieldText-25627",
                                "type": "inputFieldText"
                            },
                            {
                                "id": "inputFieldText-25627",
                                "type": "inputFieldText"
                            },
                            {
                                "id": "inputFieldText-25627",
                                "type": "inputFieldText"
                            },
                            {
                                "id": "inputFieldText-25627",
                                "type": "inputFieldText"
                            },
                            {
                                "id": "inputFieldText-25627",
                                "type": "inputFieldText"
                            },
                            {
                                "id": "inputFieldText-25627",
                                "type": "inputFieldText"
                            }
                        ]
                    ],
                    "designerMinWidth": 3,
                    "disabled": false,
                    "helpDefinition": "i18n:EMPTY_STRING",
                    "helpSource": "",
                    "initialValue": "",
                    "inputType": "ojInputText",
                    "invalidComponentTracker": "__statusTracker",
                    "label": "i18n:pages.cloud_soaring_userPage.pair-text-89997.label",
                    "labelAlignment": "right",
                    "labelPosition": "left",
                    "labelVisible": true,
                    "labelWidth": 150,
                    "placeholderText": "i18n:EMPTY_STRING",
                    "readOnly": true,
                    "required": false,
                    "textAlignment": "left",
                    "title": "i18n:EMPTY_STRING"
                },
                "type": "pair"
            }
        ],
        "displayName": "i18n:pages.cloud_soaring_userPage.displayName",
        "id": "abcs-page-top",
        "properties": {
            "__silentProperties": {
                "translatableRoot": "no-i18n-keys"
            },
            "designerIsDraggable": true,
            "designerIsDroppable": true,
            "designerIsHorizontallyResizable": false,
            "designerIsVerticallyResizable": false,
            "designerIsWrappable": true,
            "designerLayout": [
                [
                    {
                        "id": "page-header-85328",
                        "type": "page-header"
                    },
                    {
                        "id": "page-header-85328",
                        "type": "page-header"
                    },
                    {
                        "id": "page-header-85328",
                        "type": "page-header"
                    },
                    {
                        "id": "page-header-85328",
                        "type": "page-header"
                    },
                    {
                        "id": "page-header-85328",
                        "type": "page-header"
                    },
                    {
                        "id": "page-header-85328",
                        "type": "page-header"
                    },
                    {
                        "id": "page-header-85328",
                        "type": "page-header"
                    },
                    {
                        "id": "page-header-85328",
                        "type": "page-header"
                    },
                    {
                        "id": "page-header-85328",
                        "type": "page-header"
                    },
                    {
                        "id": "page-header-85328",
                        "type": "page-header"
                    },
                    {
                        "id": "page-header-85328",
                        "type": "page-header"
                    },
                    {
                        "id": "page-header-85328",
                        "type": "page-header"
                    }
                ],
                [
                    {
                        "id": "pair-text-18846",
                        "type": "pair"
                    },
                    {
                        "id": "pair-text-18846",
                        "type": "pair"
                    },
                    {
                        "id": "pair-text-18846",
                        "type": "pair"
                    },
                    {
                        "id": "pair-text-18846",
                        "type": "pair"
                    },
                    {
                        "id": "pair-text-18846",
                        "type": "pair"
                    },
                    {
                        "id": "pair-text-18846",
                        "type": "pair"
                    },
                    null,
                    null,
                    null,
                    null,
                    null,
                    null
                ],
                [
                    {
                        "id": "pair-text-20551",
                        "type": "pair"
                    },
                    {
                        "id": "pair-text-20551",
                        "type": "pair"
                    },
                    {
                        "id": "pair-text-20551",
                        "type": "pair"
                    },
                    {
                        "id": "pair-text-20551",
                        "type": "pair"
                    },
                    {
                        "id": "pair-text-20551",
                        "type": "pair"
                    },
                    {
                        "id": "pair-text-20551",
                        "type": "pair"
                    },
                    null,
                    null,
                    null,
                    null,
                    null,
                    null
                ],
                [
                    {
                        "id": "pair-text-71013",
                        "type": "pair"
                    },
                    {
                        "id": "pair-text-71013",
                        "type": "pair"
                    },
                    {
                        "id": "pair-text-71013",
                        "type": "pair"
                    },
                    {
                        "id": "pair-text-71013",
                        "type": "pair"
                    },
                    {
                        "id": "pair-text-71013",
                        "type": "pair"
                    },
                    {
                        "id": "pair-text-71013",
                        "type": "pair"
                    },
                    null,
                    null,
                    null,
                    null,
                    null,
                    null
                ],
                [
                    {
                        "id": "pair-text-89997",
                        "type": "pair"
                    },
                    {
                        "id": "pair-text-89997",
                        "type": "pair"
                    },
                    {
                        "id": "pair-text-89997",
                        "type": "pair"
                    },
                    {
                        "id": "pair-text-89997",
                        "type": "pair"
                    },
                    {
                        "id": "pair-text-89997",
                        "type": "pair"
                    },
                    {
                        "id": "pair-text-89997",
                        "type": "pair"
                    },
                    null,
                    null,
                    null,
                    null,
                    null,
                    null
                ]
            ]
        },
        "type": "entity-detail"
    },
    "viewModel": {
        "archetypes": [
            {
                "embeddedReferencePropertyIDs": [],
                "entityId": "cloud.soaring.user",
                "id": "cloud_soaring_userEntityDetailArchetype",
                "needsRecord": true,
                "readOnly": true,
                "type": "ENTITY_DETAIL"
            }
        ],
        "events": [
            {
                "attributes": {
                    "viewId": "button-51251"
                },
                "description": [
                    "componentsDt.buttonClickEventDescription",
                    "pages.cloud_soaring_userPage.button-51251.displayName"
                ],
                "displayName": [
                    "componentsDt.buttonClickEventDisplayName",
                    "pages.cloud_soaring_userPage.button-51251.displayName"
                ],
                "id": "Done_button_51251click",
                "type": "view"
            }
        ],
        "methods": [
            {
                "outcomeHandlers": {},
                "typeId": "navigateBack",
                "vars": {
                    "methodName": "navigateBackMethod",
                    "pageEvent": "Done_button_51251click"
                }
            }
        ]
    }
}