{
    "displayName": "i18n:pages.homePage.displayName",
    "id": "homePage",
    "isModalPage": false,
    "type": "landing",
    "view": {
        "binding": {},
        "children": [
            {
                "binding": {},
                "children": [
                    {
                        "binding": {},
                        "displayName": "Title",
                        "id": "title-59646",
                        "properties": {
                            "__silentProperties": {
                                "translatableKeys": [
                                    "value"
                                ],
                                "translatableRoot": "pages.homePage.title-59646"
                            },
                            "appendDataValue": false,
                            "bindEntityId": "",
                            "bindPropertyId": "",
                            "bottomBorder": false,
                            "breakpoints": {},
                            "customizable": false,
                            "designerIsDraggable": true,
                            "designerIsHorizontallyResizable": true,
                            "designerIsWrappable": false,
                            "designerMinWidth": 12,
                            "level": 1,
                            "roles": {},
                            "value": "i18n:pages.homePage.title-59646.value"
                        },
                        "type": "title"
                    },
                    {
                        "binding": {},
                        "displayName": "Button Toolbar",
                        "id": "button-toolbar-41295",
                        "properties": {
                            "__silentProperties": {
                                "translatableRoot": "no-i18n-keys"
                            },
                            "designerIsDraggable": true,
                            "designerIsDroppable": true,
                            "designerIsHorizontallyResizable": true,
                            "designerIsWrappable": false
                        },
                        "type": "button-toolbar"
                    }
                ],
                "displayName": "Page Header",
                "id": "page-header-58199",
                "properties": {
                    "__silentProperties": {
                        "translatableRoot": "pages.homePage.page-header-58199"
                    },
                    "breakpoints": {},
                    "designerIsDraggable": true,
                    "designerIsHorizontallyResizable": true,
                    "designerIsWrappable": true,
                    "roles": {}
                },
                "type": "page-header"
            },
            {
                "archetypeId": "cloud_soaring_userListArchetype",
                "binding": {
                    "__silentBindings": {
                        "translatableKeys": [
                            "emptyText",
                            "captionText",
                            "menuAction.VIEW_1506442847536.displayName"
                        ],
                        "translatableRoot": "pages.homePage.collection-container-42162"
                    },
                    "advancedFilterVisible": false,
                    "archetype": "Archetypes.cloud_soaring_userListArchetype",
                    "captionText": "i18n:EMPTY_STRING",
                    "data": "Observables.cloud_soaring_userListArchetype.dataSource",
                    "defaultSortDescending": false,
                    "defaultSortPropertyId": "",
                    "emptyText": "i18n:pages.homePage.collection-container-42162.emptyText",
                    "entityId": "cloud.soaring.user",
                    "filterPropertyId": "id",
                    "filterVisible": false,
                    "grid": "",
                    "headerVisible": false,
                    "horizontalGridVisible": "enabled",
                    "lastKnownColumns": "[{'field':'id'},{'field':'name'},{'field':'numberOfVotes'},{'field':'registrationDate'},{'field':'ext_id'},{'field':'creationDate'},{'field':'lastUpdateDate'},{'field':'createdBy'},{'field':'lastUpdatedBy'},{'field':'ext_ownerId'},{'field':'ref2Agent'}]",
                    "menuAction.VIEW_1506442847536.displayName": "i18n:pages.homePage.collection-container-42162.menuAction.VIEW_1506442847536.displayName",
                    "menuActions": [
                        {
                            "descriptor": {
                                "archetypeId": "cloud_soaring_userListArchetype",
                                "description": "",
                                "entityId": "cloud.soaring.user",
                                "operationId": "",
                                "type": "VIEW"
                            },
                            "key": "menuAction.VIEW_1506442847536",
                            "methodId": "detailsSelectedcloud_soaring_userListArchetype"
                        }
                    ],
                    "menuItemSelected": "Archetypes.cloud_soaring_userListArchetype.menuItemSelected",
                    "pageSize": 15,
                    "paginationMode": "page",
                    "queryParams": [],
                    "runningFetches": "Archetypes.cloud_soaring_userListArchetype.runningRestCalls()",
                    "showPagination": false,
                    "sortVisible": false,
                    "tableActionTemplateId": "cloud_soaring_userListArchetype_action_column_template_",
                    "tableLayoutWorkaroundFuncId": "og9ll",
                    "tableMenuTemplateId": "cloud_soaring_userListArchetype_menu_column_template",
                    "tableReady": "Archetypes.cloud_soaring_userListArchetype.tableReady",
                    "tableSelection": "Archetypes.cloud_soaring_userListArchetype.tableSelection",
                    "updateSelection": "Archetypes.cloud_soaring_userListArchetype.updateSelection",
                    "verticalGridVisible": "disabled"
                },
                "children": [
                    {
                        "binding": {},
                        "children": [
                            {
                                "binding": {},
                                "children": [
                                    {
                                        "binding": {},
                                        "displayName": "Column",
                                        "id": "table-5808-col-id-0",
                                        "properties": {
                                            "__silentProperties": {
                                                "translatableKeys": [
                                                    "title"
                                                ],
                                                "translatableRoot": "pages.homePage.top-collection-container-64451.columns.table-5808-col-id-0"
                                            },
                                            "bindPropertyId": "id",
                                            "designerIsDraggable": true,
                                            "designerIsHorizontallyResizable": true,
                                            "designerIsWrappable": true,
                                            "designerRerenderParent": true,
                                            "textAlignment": "left",
                                            "title": "i18n:pages.homePage.top-collection-container-64451.columns.table-5808-col-id-0.title"
                                        },
                                        "type": "table-column"
                                    },
                                    {
                                        "binding": {},
                                        "displayName": "Column",
                                        "id": "table-5808-col-name-0",
                                        "properties": {
                                            "__silentProperties": {
                                                "translatableKeys": [
                                                    "title"
                                                ],
                                                "translatableRoot": "pages.homePage.top-collection-container-64451.columns.table-5808-col-name-0"
                                            },
                                            "bindPropertyId": "name",
                                            "designerIsDraggable": true,
                                            "designerIsHorizontallyResizable": true,
                                            "designerIsWrappable": true,
                                            "designerRerenderParent": true,
                                            "textAlignment": "left",
                                            "title": "i18n:pages.homePage.top-collection-container-64451.columns.table-5808-col-name-0.title"
                                        },
                                        "type": "table-column"
                                    },
                                    {
                                        "binding": {},
                                        "displayName": "Column",
                                        "id": "table-5808-col-numberOfVotes-0",
                                        "properties": {
                                            "__silentProperties": {
                                                "translatableKeys": [
                                                    "title"
                                                ],
                                                "translatableRoot": "pages.homePage.top-collection-container-64451.columns.table-5808-col-numberOfVotes-0"
                                            },
                                            "bindPropertyId": "numberOfVotes",
                                            "designerIsDraggable": true,
                                            "designerIsHorizontallyResizable": true,
                                            "designerIsWrappable": true,
                                            "designerRerenderParent": true,
                                            "textAlignment": "left",
                                            "title": "i18n:pages.homePage.top-collection-container-64451.columns.table-5808-col-numberOfVotes-0.title"
                                        },
                                        "type": "table-column"
                                    },
                                    {
                                        "binding": {},
                                        "displayName": "Column",
                                        "id": "table-5808-col-registrationDate-0",
                                        "properties": {
                                            "__silentProperties": {
                                                "translatableKeys": [
                                                    "title"
                                                ],
                                                "translatableRoot": "pages.homePage.top-collection-container-64451.columns.table-5808-col-registrationDate-0"
                                            },
                                            "bindPropertyId": "registrationDate",
                                            "designerIsDraggable": true,
                                            "designerIsHorizontallyResizable": true,
                                            "designerIsWrappable": true,
                                            "designerRerenderParent": true,
                                            "textAlignment": "left",
                                            "title": "i18n:pages.homePage.top-collection-container-64451.columns.table-5808-col-registrationDate-0.title"
                                        },
                                        "type": "table-column"
                                    }
                                ],
                                "displayName": "Table",
                                "id": "table-5808",
                                "properties": {
                                    "__silentProperties": {
                                        "translatableRoot": "no-i18n-keys"
                                    },
                                    "designerIsHorizontallyResizable": true,
                                    "designerIsWrappable": false,
                                    "designerRerenderParent": true
                                },
                                "type": "table"
                            },
                            {
                                "binding": {},
                                "children": [
                                    {
                                        "binding": {},
                                        "displayName": "Collection Header",
                                        "id": "collection-header-34932",
                                        "properties": {
                                            "__silentProperties": {
                                                "translatableRoot": "no-i18n-keys"
                                            },
                                            "designerIsHorizontallyResizable": true,
                                            "designerIsWrappable": false
                                        },
                                        "type": "collection-header"
                                    },
                                    {
                                        "binding": {},
                                        "displayName": "Collection Header Toolbar",
                                        "id": "button-toolbar-15756",
                                        "properties": {
                                            "__silentProperties": {
                                                "translatableRoot": "no-i18n-keys"
                                            },
                                            "designerIsDroppable": true,
                                            "designerIsHorizontallyResizable": true,
                                            "designerIsWrappable": false
                                        },
                                        "type": "button-toolbar"
                                    }
                                ],
                                "displayName": "Collection Header Container",
                                "id": "collection-header-container-30907",
                                "properties": {
                                    "__silentProperties": {
                                        "translatableRoot": "no-i18n-keys"
                                    },
                                    "designerIsHorizontallyResizable": true,
                                    "designerIsWrappable": false,
                                    "designerRerenderParent": true
                                },
                                "type": "collection-header-container"
                            },
                            {
                                "binding": {},
                                "displayName": "Collection Pagination",
                                "id": "collection-pagination-94753",
                                "properties": {
                                    "__silentProperties": {
                                        "translatableRoot": "no-i18n-keys"
                                    },
                                    "designerIsHorizontallyResizable": true,
                                    "designerIsWrappable": false,
                                    "designerRerenderParent": true
                                },
                                "type": "collection-pagination"
                            }
                        ],
                        "displayName": "Collection Container",
                        "id": "collection-container-42162",
                        "properties": {
                            "__silentProperties": {
                                "translatableRoot": "no-i18n-keys"
                            },
                            "designerIsHorizontallyResizable": true,
                            "designerIsWrappable": false,
                            "designerLayout": [
                                [
                                    {
                                        "id": "collection-header-container-30907",
                                        "type": "collection-header-container"
                                    },
                                    {
                                        "id": "collection-header-container-30907",
                                        "type": "collection-header-container"
                                    },
                                    {
                                        "id": "collection-header-container-30907",
                                        "type": "collection-header-container"
                                    },
                                    {
                                        "id": "collection-header-container-30907",
                                        "type": "collection-header-container"
                                    },
                                    {
                                        "id": "collection-header-container-30907",
                                        "type": "collection-header-container"
                                    },
                                    {
                                        "id": "collection-header-container-30907",
                                        "type": "collection-header-container"
                                    },
                                    {
                                        "id": "collection-header-container-30907",
                                        "type": "collection-header-container"
                                    },
                                    {
                                        "id": "collection-header-container-30907",
                                        "type": "collection-header-container"
                                    },
                                    {
                                        "id": "collection-header-container-30907",
                                        "type": "collection-header-container"
                                    },
                                    {
                                        "id": "collection-header-container-30907",
                                        "type": "collection-header-container"
                                    },
                                    {
                                        "id": "collection-header-container-30907",
                                        "type": "collection-header-container"
                                    },
                                    {
                                        "id": "collection-header-container-30907",
                                        "type": "collection-header-container"
                                    }
                                ],
                                [
                                    {
                                        "id": "table-5808",
                                        "type": "table"
                                    },
                                    {
                                        "id": "table-5808",
                                        "type": "table"
                                    },
                                    {
                                        "id": "table-5808",
                                        "type": "table"
                                    },
                                    {
                                        "id": "table-5808",
                                        "type": "table"
                                    },
                                    {
                                        "id": "table-5808",
                                        "type": "table"
                                    },
                                    {
                                        "id": "table-5808",
                                        "type": "table"
                                    },
                                    {
                                        "id": "table-5808",
                                        "type": "table"
                                    },
                                    {
                                        "id": "table-5808",
                                        "type": "table"
                                    },
                                    {
                                        "id": "table-5808",
                                        "type": "table"
                                    },
                                    {
                                        "id": "table-5808",
                                        "type": "table"
                                    },
                                    {
                                        "id": "table-5808",
                                        "type": "table"
                                    },
                                    {
                                        "id": "table-5808",
                                        "type": "table"
                                    }
                                ],
                                [
                                    {
                                        "id": "collection-pagination-94753",
                                        "type": "collection-pagination"
                                    },
                                    {
                                        "id": "collection-pagination-94753",
                                        "type": "collection-pagination"
                                    },
                                    {
                                        "id": "collection-pagination-94753",
                                        "type": "collection-pagination"
                                    },
                                    {
                                        "id": "collection-pagination-94753",
                                        "type": "collection-pagination"
                                    },
                                    {
                                        "id": "collection-pagination-94753",
                                        "type": "collection-pagination"
                                    },
                                    {
                                        "id": "collection-pagination-94753",
                                        "type": "collection-pagination"
                                    },
                                    {
                                        "id": "collection-pagination-94753",
                                        "type": "collection-pagination"
                                    },
                                    {
                                        "id": "collection-pagination-94753",
                                        "type": "collection-pagination"
                                    },
                                    {
                                        "id": "collection-pagination-94753",
                                        "type": "collection-pagination"
                                    },
                                    {
                                        "id": "collection-pagination-94753",
                                        "type": "collection-pagination"
                                    },
                                    {
                                        "id": "collection-pagination-94753",
                                        "type": "collection-pagination"
                                    },
                                    {
                                        "id": "collection-pagination-94753",
                                        "type": "collection-pagination"
                                    }
                                ]
                            ],
                            "designerRerenderParent": true
                        },
                        "type": "collection-container"
                    },
                    {
                        "binding": {},
                        "displayName": "empty-table",
                        "id": "empty-table-58091",
                        "properties": {
                            "__silentProperties": {
                                "translatableRoot": "no-i18n-keys"
                            },
                            "designerIsHorizontallyResizable": true,
                            "designerIsWrappable": false
                        },
                        "type": "empty-table"
                    }
                ],
                "displayName": "Table",
                "id": "top-collection-container-64451",
                "properties": {
                    "__silentProperties": {
                        "translatableRoot": "pages.homePage.collection-container-42162"
                    },
                    "breakpoints": {},
                    "designerIsDraggable": true,
                    "designerIsHorizontallyResizable": true,
                    "designerIsVerticallyResizable": true,
                    "designerIsWrappable": true,
                    "designerLayout": [
                        [
                            {
                                "id": "collection-container-42162",
                                "type": "collection-container"
                            },
                            {
                                "id": "collection-container-42162",
                                "type": "collection-container"
                            },
                            {
                                "id": "collection-container-42162",
                                "type": "collection-container"
                            },
                            {
                                "id": "collection-container-42162",
                                "type": "collection-container"
                            },
                            {
                                "id": "collection-container-42162",
                                "type": "collection-container"
                            },
                            {
                                "id": "collection-container-42162",
                                "type": "collection-container"
                            },
                            {
                                "id": "collection-container-42162",
                                "type": "collection-container"
                            },
                            {
                                "id": "collection-container-42162",
                                "type": "collection-container"
                            },
                            {
                                "id": "collection-container-42162",
                                "type": "collection-container"
                            },
                            {
                                "id": "collection-container-42162",
                                "type": "collection-container"
                            },
                            {
                                "id": "collection-container-42162",
                                "type": "collection-container"
                            },
                            {
                                "id": "collection-container-42162",
                                "type": "collection-container"
                            }
                        ]
                    ],
                    "designerMinWidth": 12,
                    "roles": {}
                },
                "type": "top-table-container"
            }
        ],
        "displayName": "Page Top",
        "id": "abcs-page-top",
        "properties": {
            "__silentProperties": {
                "translatableRoot": "no-i18n-keys"
            },
            "designerIsDraggable": true,
            "designerIsDroppable": true,
            "designerIsHorizontallyResizable": false,
            "designerIsVerticallyResizable": false,
            "designerIsWrappable": true,
            "designerLayout": [
                [
                    {
                        "id": "page-header-58199",
                        "type": "page-header"
                    },
                    {
                        "id": "page-header-58199",
                        "type": "page-header"
                    },
                    {
                        "id": "page-header-58199",
                        "type": "page-header"
                    },
                    {
                        "id": "page-header-58199",
                        "type": "page-header"
                    },
                    {
                        "id": "page-header-58199",
                        "type": "page-header"
                    },
                    {
                        "id": "page-header-58199",
                        "type": "page-header"
                    },
                    {
                        "id": "page-header-58199",
                        "type": "page-header"
                    },
                    {
                        "id": "page-header-58199",
                        "type": "page-header"
                    },
                    {
                        "id": "page-header-58199",
                        "type": "page-header"
                    },
                    {
                        "id": "page-header-58199",
                        "type": "page-header"
                    },
                    {
                        "id": "page-header-58199",
                        "type": "page-header"
                    },
                    {
                        "id": "page-header-58199",
                        "type": "page-header"
                    }
                ],
                [
                    {
                        "id": "top-collection-container-64451",
                        "type": "top-table-container"
                    },
                    {
                        "id": "top-collection-container-64451",
                        "type": "top-table-container"
                    },
                    {
                        "id": "top-collection-container-64451",
                        "type": "top-table-container"
                    },
                    {
                        "id": "top-collection-container-64451",
                        "type": "top-table-container"
                    },
                    {
                        "id": "top-collection-container-64451",
                        "type": "top-table-container"
                    },
                    {
                        "id": "top-collection-container-64451",
                        "type": "top-table-container"
                    },
                    {
                        "id": "top-collection-container-64451",
                        "type": "top-table-container"
                    },
                    {
                        "id": "top-collection-container-64451",
                        "type": "top-table-container"
                    },
                    {
                        "id": "top-collection-container-64451",
                        "type": "top-table-container"
                    },
                    {
                        "id": "top-collection-container-64451",
                        "type": "top-table-container"
                    },
                    {
                        "id": "top-collection-container-64451",
                        "type": "top-table-container"
                    },
                    {
                        "id": "top-collection-container-64451",
                        "type": "top-table-container"
                    }
                ]
            ]
        },
        "type": "grid"
    },
    "viewModel": {
        "archetypes": [
            {
                "defaultQueryEnabled": false,
                "detailsPageId": "cloud_soaring_userPage",
                "embeddedReferencePropertyIDs": [],
                "entityId": "cloud.soaring.user",
                "id": "cloud_soaring_userListArchetype",
                "listScenario": false,
                "operationId": "Fetch all acts",
                "pageSize": 15,
                "showTotalResults": false,
                "type": "LIST",
                "usePagination": false
            }
        ],
        "events": [],
        "methods": [
            {
                "archetypeId": "cloud_soaring_userListArchetype",
                "outcomeHandlers": {},
                "typeId": "openDetailPage",
                "vars": {
                    "methodName": "detailsSelectedcloud_soaring_userListArchetype"
                }
            }
        ]
    }
}