{
    "attributes": {
        "createdBy": "richard@olrichs.nl",
        "creationDate": "2017-09-22T10:52:38",
        "extEntityFor": "cloud.soaring.user",
        "extServiceFor": "cloud.soaring",
        "lastUpdateDate": "2017-09-22T10:52:38",
        "lastUpdatedBy": "richard@olrichs.nl",
        "singularName": "i18n:entities.EE__user.singularName"
    },
    "id": "EE__user",
    "oid": "97bf592b-e563-4a86-a94b-6d1dc2fee873",
    "properties": [
        {
            "classification": "INTERNAL",
            "id": "ext_id",
            "name": "i18n:entity.idPropertyName",
            "oid": "f42e1158-cb78-4250-8ce8-3b5ffc2ab86d",
            "required": true,
            "type": "KEY",
            "unique": true
        },
        {
            "classification": "INTERNAL",
            "id": "creationDate",
            "name": "i18n:entity.creationDatePropertyName",
            "oid": "c197aa8b-d393-4596-ad4d-c8eb165fba74",
            "type": "DATETIME"
        },
        {
            "classification": "INTERNAL",
            "id": "lastUpdateDate",
            "name": "i18n:entity.lastUpdateDatePropertyName",
            "oid": "3587ce50-8581-4536-b39a-fcea3a0908f8",
            "type": "DATETIME"
        },
        {
            "classification": "INTERNAL",
            "id": "createdBy",
            "name": "i18n:entity.createdByPropertyName",
            "oid": "f7a516f3-691d-4459-86ad-795abc7f344b",
            "type": "TEXT"
        },
        {
            "classification": "INTERNAL",
            "id": "lastUpdatedBy",
            "name": "i18n:entity.lastUpdatedByPropertyName",
            "oid": "8060bc2c-4ac9-4cf2-8612-823afd2b3494",
            "type": "TEXT"
        },
        {
            "classification": "IGNORE",
            "id": "abcsChangeNumber",
            "name": "i18n:entity.abcsChangeNumberPropertyName",
            "oid": "97d5ad9e-65a0-4f3f-9633-974699619214",
            "type": "NUMBER"
        },
        {
            "attributes": {
                "searchable": false,
                "sortable": false
            },
            "classification": "INTERNAL",
            "id": "ext_ownerId",
            "name": "i18n:entities.EE__user.properties.ext_ownerId.name",
            "oid": "f7397099-bede-4798-a0e8-99d3ec7d579b",
            "type": "TEXT"
        },
        {
            "attributes": {
                "searchable": false,
                "sortable": false
            },
            "classification": "BASIC",
            "id": "ref2AgentId",
            "name": "i18n:entities.EE__user.properties.ref2AgentId.name",
            "oid": "0bcb133e-48ca-4496-b1f7-3b7804303cac",
            "required": false,
            "type": "REFERENCE",
            "unique": true
        },
        {
            "attributes": {
                "searchable": false,
                "sortable": false
            },
            "classification": "BASIC",
            "id": "ref2AgentActs",
            "name": "i18n:entities.EE__user.properties.ref2AgentActs.name",
            "oid": "27a96be8-3950-43c0-8b70-c9c3a390f439",
            "required": false,
            "type": "REFERENCE",
            "unique": true
        },
        {
            "attributes": {
                "searchable": false,
                "sortable": false
            },
            "classification": "BASIC",
            "id": "ref2Agent",
            "name": "i18n:entities.EE__user.properties.ref2Agent.name",
            "oid": "65a0f6be-f1a4-4abd-bf9f-5bc1c36e111e",
            "type": "REFERENCE",
            "unique": false
        }
    ],
    "relations": [
        {
            "cardinality": "one-to-one",
            "defaultDisplayNameProperty": "ref2AgentID",
            "deleteRule": "restrict",
            "foreignRelations": {},
            "mappingPropertyId": "ref2AgentId",
            "sourceEntityId": "EE__user",
            "targetEntityId": "AgentActs"
        },
        {
            "cardinality": "one-to-one",
            "defaultDisplayNameProperty": "id",
            "deleteRule": "restrict",
            "foreignRelations": {},
            "mappingPropertyId": "ref2AgentActs",
            "sourceEntityId": "EE__user",
            "targetEntityId": "AgentActs"
        },
        {
            "cardinality": "many-to-one",
            "defaultDisplayNameProperty": "ref2AgentID",
            "deleteRule": "restrict",
            "mappingPropertyId": "ref2Agent",
            "sourceEntityId": "EE__user",
            "targetEntityId": "AgentActs"
        }
    ],
    "standalone": true
}