{
    "binding": {},
    "displayName": "main-menu",
    "id": "abcs-tpl-app-main-menu",
    "properties": {
        "__silentProperties": {
            "translatableRoot": "no-i18n-keys"
        },
        "designerIsDraggable": true,
        "designerIsHorizontallyResizable": true,
        "designerIsWrappable": true,
        "model": {
            "children": [
                {
                    "children": [],
                    "id": "menuItem_4387839891838871",
                    "item": {
                        "data": {
                            "pageId": "homePage"
                        },
                        "icon": "nav-icon-24-home",
                        "title": "i18n:main-menu.homePage",
                        "type": "page"
                    }
                },
                {
                    "children": [],
                    "id": "menuItem_9301833679621899",
                    "item": {
                        "data": {
                            "pageId": "Agents"
                        },
                        "icon": "nav-icon-24-home",
                        "title": "i18n:main-menu.Agents",
                        "type": "page"
                    }
                }
            ],
            "id": "ROOT",
            "item": null
        }
    },
    "type": "main-menu"
}