{
    "credentials": {
    },
    "identity": {
        "cloud": {
        },
        "anonymous": {
        },
        "selected": [
            "cloud"
        ]
    },
    "roles": {
        "mapping": [],
        "pages": {
            "protected": {
                "editAgentActsPage": [
                    "approle.authenticated.user"
                ],
                "cloud_soaring_userPage": [
                    "approle.authenticated.user"
                ],
                "createAgentActsPage": [
                    "approle.authenticated.user"
                ],
                "createAgentsPage": [
                    "approle.authenticated.user"
                ],
                "Agents": [
                    "approle.authenticated.user"
                ],
                "editAgentsPage": [
                    "approle.authenticated.user"
                ],
                "homePage": [
                    "approle.authenticated.user"
                ],
                "AgentActsPage": [
                    "approle.authenticated.user"
                ]
            },
            "anonymous": []
        }
    },
    "embedding": "deny"
}