{
    "en": {
        "application": {
            "copyright": {
                "value": "Copyright (c) 2016, 2017, Company and/or its affiliates. All rights reserved."
            },
            "title": {
                "value": "Backoffice App"
            }
        },
        "entities": {
            "AgentActs": {
                "pluralName": "AgentActs",
                "properties": {
                    "ref2Act": {
                        "name": "Act"
                    },
                    "ref2AgentID": {
                        "name": "AgentID"
                    }
                },
                "singularName": "AgentAct"
            },
            "Agents": {
                "properties": {
                    "contactname": {
                        "name": "Contactname"
                    },
                    "email": {
                        "name": "Email"
                    },
                    "name": {
                        "name": "Name"
                    },
                    "phone": {
                        "name": "Phone"
                    },
                    "ref2cloud_soaring_user": {
                        "name": "Act"
                    },
                    "site": {
                        "name": "Site"
                    }
                },
                "singularName": "Agents"
            },
            "EE__user": {
                "properties": {
                    "ext_ownerId": {
                        "name": "Owner"
                    },
                    "ref2Agent": {
                        "name": "Agent"
                    },
                    "ref2AgentActs": {
                        "name": "AgentAct"
                    },
                    "ref2AgentId": {
                        "name": "AgentId"
                    }
                },
                "singularName": "Act"
            },
            "cloud": {
                "soaring": {
                    "user": {
                        "description": "A list of Acts",
                        "pluralName": "Acts",
                        "properties": {
                            "id": {
                                "name": "ID"
                            },
                            "name": {
                                "name": "Name"
                            },
                            "numberOfVotes": {
                                "name": "Number of Votes"
                            },
                            "registrationDate": {
                                "name": "Registration Date"
                            }
                        },
                        "singularName": "Act"
                    }
                }
            }
        },
        "main-menu": {
            "Agents": "Agents",
            "homePage": "Acts"
        },
        "pages": {
            "AgentActsPage": {
                "button-23627": {
                    "displayName": "Done"
                },
                "displayName": "AgentActs",
                "pair-combobox-33720": {
                    "label": "AgentID"
                },
                "pair-combobox-97766": {
                    "label": "ActID"
                },
                "title-90761": {
                    "value": "AgentActs"
                }
            },
            "Agents": {
                "button-17335": {
                    "displayName": "Create"
                },
                "collection-container-81557": {
                    "emptyText": "No data to display",
                    "menuAction": {
                        "UPDATE_ONE_1506077068263": {
                            "displayName": "Edit"
                        }
                    }
                },
                "displayName": "Agents",
                "title-4434": {
                    "value": "Agents"
                },
                "top-collection-container-50014": {
                    "columns": {
                        "table-44719-col-contactname-0": {
                            "title": "Contactname"
                        },
                        "table-44719-col-email-0": {
                            "title": "Email"
                        },
                        "table-44719-col-id-0": {
                            "title": "Id"
                        },
                        "table-44719-col-name-0": {
                            "title": "Name"
                        },
                        "table-44719-col-phone-0": {
                            "title": "Phone"
                        },
                        "table-44719-col-site-0": {
                            "title": "Site"
                        }
                    }
                }
            },
            "cloud_soaring_userPage": {
                "button-51251": {
                    "displayName": "Done"
                },
                "displayName": "Act",
                "pair-text-18846": {
                    "label": "ID"
                },
                "pair-text-20551": {
                    "label": "Name"
                },
                "pair-text-71013": {
                    "label": "Number of Votes"
                },
                "pair-text-89997": {
                    "label": "Registration Date"
                },
                "title-98365": {
                    "value": "Act"
                }
            },
            "createAgentActsPage": {
                "button-28019": {
                    "displayName": "Cancel"
                },
                "button-48729": {
                    "displayName": "Save and Continue"
                },
                "button-83552": {
                    "displayName": "Save and Close"
                },
                "displayName": "Create AgentActs",
                "pair-combobox-44396": {
                    "label": "AgentID"
                },
                "pair-combobox-99174": {
                    "label": "ActID"
                },
                "title-57410": {
                    "value": "Select Artist"
                }
            },
            "createAgentsPage": {
                "button-50409": {
                    "displayName": "Save and Continue"
                },
                "button-96771": {
                    "displayName": "Cancel"
                },
                "button-98465": {
                    "displayName": "Save and Close"
                },
                "displayName": "Create Agents",
                "pair-email-97261": {
                    "label": "Email"
                },
                "pair-phone-5849": {
                    "label": "Phone"
                },
                "pair-text-52605": {
                    "label": "Name"
                },
                "pair-text-84683": {
                    "label": "Contactname"
                },
                "pair-url-10601": {
                    "label": "Site"
                },
                "title-68596": {
                    "value": "Create Agents"
                }
            },
            "editAgentActsPage": {
                "button-31010": {
                    "displayName": "Cancel"
                },
                "button-47846": {
                    "displayName": "Save and Close"
                },
                "button-73510": {
                    "displayName": "Save"
                },
                "displayName": "Edit",
                "pair-combobox-23175": {
                    "label": "AgentID"
                },
                "pair-combobox-24174": {
                    "label": "ActID"
                },
                "title-42309": {
                    "value": "Edit AgentActs"
                }
            },
            "editAgentsPage": {
                "button-4409": {
                    "displayName": "Cancel"
                },
                "button-54787": {
                    "displayName": "Save and Close"
                },
                "button-66871": {
                    "displayName": "Save"
                },
                "button-86428": {
                    "displayName": "Add Act to  Agent"
                },
                "collection-container-76730": {
                    "emptyText": "No data to display",
                    "menuAction": {
                        "DELETE_ONE_1506442847543": {
                            "displayName": "Delete"
                        }
                    }
                },
                "displayName": "Edit Agents",
                "pair-72502": {
                    "label": "Act"
                },
                "pair-email-4568": {
                    "label": "Email"
                },
                "pair-phone-26832": {
                    "label": "Phone"
                },
                "pair-text-85234": {
                    "label": "Contactname"
                },
                "pair-text-91510": {
                    "label": "Name"
                },
                "pair-url-67099": {
                    "label": "Site"
                },
                "title-6414": {
                    "value": "Edit Agents"
                },
                "title-755": {
                    "value": "Acts"
                }
            },
            "homePage": {
                "collection-container-42162": {
                    "emptyText": "No data to display",
                    "menuAction": {
                        "VIEW_1506442847536": {
                            "displayName": "Details"
                        }
                    }
                },
                "displayName": "Home",
                "title-59646": {
                    "value": "Proposed Acts"
                },
                "top-collection-container-64451": {
                    "columns": {
                        "table-5808-col-id-0": {
                            "title": "ID"
                        },
                        "table-5808-col-name-0": {
                            "title": "Name"
                        },
                        "table-5808-col-numberOfVotes-0": {
                            "title": "Number of Votes"
                        },
                        "table-5808-col-registrationDate-0": {
                            "title": "Registration Date"
                        }
                    }
                }
            }
        }
    }
}